Website	Emails
contact@irfanview.com
support@irfanview.com
hello@irfanviewlite.com
contact@mindluster.com.in
support@foxi.com.in
hello@calculadoranormal.com
abigailjohnsongp@gmail.com
admin@settinghelp.com
contact@italicbox.com
seobeezofficial@gmail.com
admin@grouplink.com.in
hello@gettransmac.com
hello@thebloxstrap.com
legal@myiptv4u.com
angelicahjone@gmail.com
hello@wintoflash.org
itslinkstudio@gmail.com
conatc@techleez.co.in
contactweb.my@gmail.com
Deepiikakapoor@gmail.com
hello@toffeeshare.org
outreach.absseoagency@gmail.com
blooginga@gmail.com
blogginga@gmail.com
hello@mactorrents.com.in
tech4links@gmail.com
admin@seoedgesolutions.com
hello@goodbyedpi.com
hello@thedepedtambayan.com
SERPInsight@gmail.com
prorevitaa@gmail.com
hello@customresolutionutilities.com
razapv770@gmail.com
Contact@eduuolvera.net
contact@bluescreenview.com
hashmat.sial@gmail.com
contact@cricinfo.com
admin@whatsgrouplinks.org
hello@josephrocca.com
contact@deledresult.in
contact@alightmotion.com.in
admin@masnoonduain.com
support@pdfdrives.org
possible.support@pdfdrives.org
team.business@pdfdrives.org
business@pdfdrives.org
privacy@pdfdrives.org
legal@pdfdrives.org
statuscrush@gmail.com
hello@smartgaga.org
hello@allmacworld.com.in
hello@quickshortcutmaker.org
socialknowledge34@gmail.com
contact@ezectechi.com



info@serpinsight.com
info@serpinsight.com
contact@outreachmedia.io
teclayers@gmail.com
contact@abovethink.com
emmawatsofficial54@gmail.com
contact@outreachmedia.io	
davidpowellofficial@gmail.com
emmawatsofficial54@gmail.com
contact.@outreachmedia.io
tech4english@gmail.com	
https://truebusinessnews.com/	
contact.@outreachmedia.io
contact@outreachmedia.io	
emmawatsofficial54@gmail.com
guestpostlinkingum@gmail.com
contact@outreachmedia.io
contact@outreachmedia.io	
lesley.official47@gmail.com
https://guiformat.com/	
https://zerobasket.com/	
tech4english@gmail.com, admin@mrmeasurements.com
https://techspat.com/	
https://9xflix.vip/	
https://officialbusinessnews.com/	
https://latestroyalnews.com/	
http://nestedmagazine.com/	
http://spreadsafe.com/	
https://wisememoryoptimizer.com/	
https://autokeyclicker.com/	
https://imageflipper.com/	
https://techgup.org/	
https://technewstop.org/	fast4entry@gmail.com
https://techlokesh.org/	
https://scanfolder.com/	
https://irfanviewlite.com/	contact@irfanview.com, support@irfanview.com, hello@irfanviewlite.com
https://covermove.com/	
https://hijabdp.com/	
https://urbankong.com	
https://mindluster.com.in/	contact@mindluster.com.in
https://nicephrase.com/	fast4entry@gmail.com
https://foxi.com.in/	support@foxi.com.in, tech4english@gmail.com
https://knowneeds.com/	
https://themp4moviez.com/	
https://calculadoranormal.com/	hello@calculadoranormal.com
https://macrowebtech.com/	
https://mlwbd.com.in/	
https://techremain.com/	
https://asisnews.com/	
https://techadaptor.com	
https://www.tesoroblass.com/	
https://qpoenergy.com/	
https://techhence.com/	
https://newsmagazineweekly.com/	
https://timesnewsmedia.com/	
https://mixturenews.com/	
https://newsletterissues.com/	
https://naturerealytr.com/	
https://newsdailyforum.com/	
https://satkamatka.com.in/	
https://techwrote.com/	
https://bcece.com.in/	abigailjohnsongp@gmail.com
https://ueldomesquita.com/	sports-logo-white-02@2x.png
https://www.shortcutmagazine.com/	
https://sortbusiness.com	
https://travelwarningnews.com/	
https://settinghelp.com/	contact@serpinsight.com, admin@settinghelp.com
https://ItalicBox.com/	teclayers@gmail.com, contact@italicbox.com
https://microtechinfo.com	
https://dnspy.org/	
https://moviesnation.com.in/	
https://myspynews.com/	
https://thunderstormnews.com/	
https://freeprintablepage.com/	
https://bronceblass.com/	
https://pseintpro.com/	
https://techoutages.com/	
https://hostontech.com/	
https://newsmediaidentity.com/	
https://blogbrewer.com	
https://hindiyaro.net/	
https://newsreverse.com/	
https://www.jobsearchingtips.com/	
https://indexationnews.com/	
https://searchingforsingles.org/	
https://12ftladder.net	
https://selfsilo.com/	
https://theboredpanda.com/	
https://bloghold.com/	contact@outreachmedia.io
https://bloghyper.com/	
https://dazzcam.org/	
https://www.vigatruco.com/	
https://quickprintable.com/	
https://techbonny.com/	
https://investnoox.com	
https://www.headlinebusinessnews.com/	
https://resalenext.com/	
https://timesloom.com	
https://genialblass.com/	angelicahjone@gmail.com
https://newsremove.com/	
https://newsthere.com/	
https://urbantimesnews.com/	
https://www.ikcomplo.org/	
https://brightnesscontrol.com/	
https://uniquenickname.com/	
https://zolonews.com	
https://selfcaptions.com/	
https://tropicalcyclonenews.com/	
https://nifskope.com/	
https://techdevan.com/	contact@outreachmedia.io
https://runpost.co.in/	
https://theexplorevenango.com/	
https://latestukrainenews.com/	
https://creaminstaller.com/	
https://www.globemedianews.com/	
https://feestech.com/	
https://www.technobeings.com/	
https://businessfrontpage.com/	contact@outreachmedia.io
https://realtimebusinessnews.com/	
https://blogbuzznews.com/	
https://www.newspaperjournalist.com/	
https://newscloude.com/	
https://cloudymap.com	
https://intensitymagazine.com/	
https://wishes.com.in/	
https://greatonlinetools.org/	
https://xposedmagazine24.com/	contact@serpinsight.com, tech4english@gmail.com
https://newsforte.com/	
https://istudyinfo.org/	lesley.official47@gmail.com
https://newspaperpages.com/	
https://fourfivetech.com/	
https://livebroadcastnews.com/	
https://wingetui.com/	
https://wiztree.co.uk/	
https://grouplink.com.in/	seobeezofficial@gmail.com, admin@grouplink.com.in
https://technukti.net/	lesley.official47@gmail.com
https://techbigs.co.in/	
https://thetechnotrick.com/	
https://theartaverse.org/	lesley.official47@gmail.com
https://gettransmac.com/	hello@gettransmac.com
https://sohohindipro.net/	
https://thebloxstrap.com/	hello@thebloxstrap.com
https://openhardwaremonitors.com/	
https://amsveltech.com/	abigailjohnsongp@gmail.com
https://digitalnewsreports.com/	
https://majhinaukri.com.in/	
https://seemnews.com/	
https://techmindcloud.com/	
https://rodgym.com	
https://www.howblogs.com/	
https://modorganizer.com	
https://oneonenews.com/	
https://www.newsdailyreports.com/	
https://educationbeing.com/	
https://minutebusinessnews.com/	
https://easybcd.org/	
https://protrumpnews.net/	
https://www.exclusivenewstimes.com/	
https://myiptv4u.com/	legal@myiptv4u.com
https://theoceanofpdf.com/	
https://www.technoslash.com/	
https://simplegirlpic.com/	
https://modeditor.org/	
https://bankleave.com/	
https://systemsize.com/	
https://wifispc.org/	
https://crystaldiskmark.org/	
https://iriun.org/	
https://techcrude.com/	
https://www.skilltechnical.com/	
https://wallpaperflare.net/	
https://sarkarisangam.net/	
https://smapidown.com/	
https://www.hostontech.com/	
https://technoposter.com/	contact@outreachmedia.io
https://vibrancegui.org/	
https://klwap.com.in/	
https://mkvtoolnix.org/	
https://techdemis.org/	
https://usaudience.com/	
https://eliteblassfire.com/	
https://moonvalleynews.com/	
https://technotram.com/	info@serpinsight.com
https://batmanmagazine.com/	
https://techyhittools.org/	
https://aaryaeditz.com.in/	
https://www.queensnewsnetwork.com/	
https://stylishdp.com/	
https://www.skymovies.com.in/	
https://shayaricollection.org/	
https://mybestbio.org/	
https://www.independentvoicenews.com/	
https://techkap.com/	lesley.official47@gmail.com
https://arcarrierpoint.org/	
https://busyrush.com/	
https://wintoflash.org/	hello@wintoflash.org
https://manjarolinux.com/	
https://calmwires.com	lesley.official47@gmail.com
https://technicalpictures.com/	
https://remixos.org	
https://digitaldeskjournal.com	
https://techleez.co.in/	itslinkstudio@gmail.com, conatc@techleez.co.in
https://newsgama.com/	
https://newsross.com/	
https://theresultbharat.com/	info@serpinsight.com, contactweb.my@gmail.com
https://grub2win.com/	
https://uwatchfree.com.in/	
https://https://redconnector.com/	
https://www.tipsform.com/	
https://trendswired.com	
https://ddlworld.com/	
https://byebyedpi.com	
http://pixelguest.com/	
https://www.pokewilds.com/	
https://weeklybusinessrecords.com/	
https://istaunch.net/	
https://1tamilmv.com.in/	
https://uppcl.com.in/	
https://eaterys101.com/	
https://ofilmywap.com.in/	
https://wbsedcl.com.in/	
https://asio4allofficial.com/	
https://techclash.org/	socialknowledge34@gmail.com
https://usbdeview.com/	
https://dropvisa.com/	
https://freefast.co.uk/	
https://petratrucoff.org/	angelicahjone@gmail.com
https://sarkari-ujala.com/	
https://lankacnews.net/	
https://unsentproject.net/	
https://techyperfect.org/	
https://technewstop.co.in/	
https://mundoapprd.org	Deepiikakapoor@gmail.com
https://toffeeshare.org/	hello@toffeeshare.org
https://moviesda.com.in/	
https://rabbitweb.org/	
https://bloggingnights.com/	
https://amsveltech.net	outreach.absseoagency@gmail.com
https://www.blogdoom.com/	
https://3dmigoto.com/	
https://www.dailynewsgossip.com/	
https://fxsound.org/	
https://busyarea.com.in/	abigailjohnsongp@gmail.com
https://fillytech.com/	
https://casinocashnews.com/	
https://newsraze.com/	
https://51game.com.in/	abigailjohnsongp@gmail.com
https://dshidmini.com/	
https://waircut.com/	
https://filmywap.com.in/	
https://wisdompod.com/	
https://dustruco.org	
https://ddt4all.com/	
https://vcxsrv.com/	
https://theunsentproject.org/	
https://grepwin.com/	
https://moviespapa.com.in/	
https://attractivedp.com/	
https://goodbyedpi.com/	hello@goodbyedpi.com
https://dvdplay.com.in/	
https://www.newsmakerinsider.com/	
https://mynorthwestnews.com/	
https://how2invest.com.mx/	blooginga@gmail.com, blogginga@gmail.com
https://theunsentproject.net/	
https://rammap.com/	
https://gposting.com.in/	
https://7starhd.com.in/	
https://kidswebnews.com/	
https://dotmovie.net/	
https://beautifuldp.com/	
https://mactorrents.com.in/	hello@mactorrents.com.in
https://sagethumbs.com/	
https://coolmovies.com.in	outreach.absseoagency@gmail.com
https://jharupdate.net/	
https://mahitechinfo.org/	tech4links@gmail.com
https://tutosdescargas.org/	
https://www.moviezwap.com.in/	
https://technicalmastermind.co.in/	
https://logitruco.com/	
https://dxwnd.org/	
https://paidforarticles.org/	
https://officialinews.com/	
https://mobileexo.org/	admin@seoedgesolutions.com, angelicahjone@gmail.com
https://zygisk.com/	
https://Prepostseo.org/	lesley.official47@gmail.com
https://ventoydownload.com/	
https://theuploadarticle.com/	lesley.official47@gmail.com, tech4english@gmail.com
https://jiorockers.com.in/	
https://nswpolicenews.com/	
https://scamalytics.org/	
https://clonehero.org/	
https://apkdone.net/	
https://protectedtextpro.com/	
https://mahitechinfo.com.in/	contact@outreachmedia.io
https://circlerobe.com	
https://hackintool.com/	
https://technofino.org/	
https://topnewsvoice.com	
https://telugupalaka.com.in/	
https://isaidubs.com.in/	
https://hiristtech.com/	
https://moviesming.com.in/	
https://winpeas.com/	
https://socksdroid.com/	
https://tuberankerpro.com/	
https://turforiginal.fr/	
https://istudyinfo.com.in/	lesley.official47@gmail.com
https://afilmywap.com.in/	
https://teckapk.org/	
https://ezectechi.com/	tech4links@gmail.com, contact@ezectechi.com
https://imissmycafe.net/	
https://rojgarwithankit.org/	
https://thedepedtambayan.com/	hello@thedepedtambayan.com, SERPInsight@gmail.com
https://produkey.net/	
https://tegrarcmgui.com/	
https://camelcalculators.com/	
https://unblockits.com/	
https://zoricomplo.com/	
https://autobleem.com/	
https://irishindependentnews.com/	
https://keybreach.com/	
https://mousecape.com/	
https://hogatogaa.net/	
https://itechgues.com/	abigailjohnsongp@gmail.com
https://r3nzskin.org/	
https://yenzio.com	
https://techypure.com/	
https://downloadhubs.com.in	outreach.absseoagency@gmail.com
https://tamilmv.com.in/	
https://flixiptvpro.net/	
https://moviezwaps.com.in	outreach.absseoagency@gmail.com
https://showkeyplus.net/	
https://www.cronguru.com.in/	info@serpinsight.com, prorevitaa@gmail.com
https://aestheticsymbolslist.org/	
https://portcheckeronline.com/	
https://yirafire.com/	
https://webteknohaber.org/	
https://customresolutionutilities.com/	hello@customresolutionutilities.com
https://newasshop.com/	
https://deepseekweb.io/	
https://movieswood.com.in/	
https://digitalfact.com.in/	razapv770@gmail.com
https://templatruco.com/	
https://mcaselector.com/	
https://getteraterm.com/	
https://apkxel.net/	
https://cuteprintablestickers.com/	
https://simplescreenrecorder.com/	
https://eduuolvera.net/	contact@serpinsight.com, Contact@eduuolvera.net
https://downloaderic.org/	
https://croxyproxy.com.in/	
https://helphindi.co.in/	
https://sarkarijobfind.com.in/	
https://khatrimaza.com.in/	
https://techhuntermagazine.com	
https://techzehen.com/	abigailjohnsongp@gmail.com
https://ibommaa.com.in/	
https://thelindaikejiblog.com/	
https://peaceequalizer.com/	tech4links@gmail.com
https://wolniturf.fr/	
https://paperearn.net/	
https://mtputty.com/	
https://hoodsite.info/	lesley.official47@gmail.com
https://jobshankar.net/	
https://modyukle.org/	
https://emptycharacter.net/	lesley.official47@gmail.com
https://bluescreenview.com/	contact@bluescreenview.com
https://theworldfree4u.com/	tech4links@gmail.com, hashmat.sial@gmail.com
https://activegrouplinks.org/	
https://getintomypc.com.in/	fast4entry@gmail.com
https://mallumv.com.in/	
https://www.storysaver.com.in/	prorevitaa@gmail.com
https://ueldotech.net/	
https://kolkatafatafatghoshbabu.com/	
https://technicalmastermind.com.in/	
https://lionapk.org/	
https://donglytech.com.in/	
https://girldp.com/	
https://hdmovie2.com.in/	
https://cricinfo.com.in/	lesley.official47@gmail.com, contact@cricinfo.com
https://thekhaleejtimes.com/	
https://scopearth.com.in/	
https://thefreetricks.in/	
https://soap2day.com.in/	
https://kuttymoviess.com.in/	
https://minimilitia.com.in/	emmawatsofficial54@gmail.com
https://whatsgrouplinks.org/	tech4english@gmail.com, admin@whatsgrouplinks.org
https://free4pc.com.in/	
https://igfont.org/	hello@josephrocca.com
https://ajiraportalnews.com/	
https://moviesdaa.com.in/	
https://deledresult.in/	fast4entry@gmail.com, contact@deledresult.in
https://ssrmovies.com.in/	
https://apk48.org/	
https://free3dsky.com/	
https://easytonet.net/	
https://alightmotion.com.in/	contact@alightmotion.com.in
https://igetintopc.com.in/	
https://brookbtaube.net/	
https://bekirturf.fr/	
https://rajkotupdatesnews.org/	
https://hindikaro.org/	
https://sarkariwardi.org/	
https://nsnewsindia.net/	
https://unsentproject.org/	
https://technoajeet.net/	
https://kltutors.net/	
https://inshot.com.in/	
https://istudyinfo.co.in/	
https://mobilehms.co.in/	
https://bebak.org/	
https://ezectech.co.uk/	
https://etcherdownload.com/	
https://reminimodapk.com.in/	
https://technewztop.com.in/	
https://zvideopro.com/	tech4links@gmail.com
https://www.remarkabletips.com/	
https://camerounweb.org/	
https://thebusinessnewstips.com/	
https://hdmovies4u.com.in/	
https://ludoking.com.in/	
https://b92sport.com/	
https://masnoonduain.com/	admin@masnoonduain.com
https://gomplayer.net/	emmawatsofficial54@gmail.com
https://caption.com.in/	lesley.official47@gmail.com
https://message.com.in/	tech4english@gmail.com
https://yomovie.com.in/	
https://hindinews.com.in/	
https://thehindu.com.in/	
https://downloaddp.com/	
https://wellhealthorganics.com.in/	
https://armyemaillogin.com/	
https://sakshi.com.in/	
https://metalinjections.com/	
https://oilcitynews.com/	
https://technicalmasterminds.in/	lesley.official47@gmail.com
https://tafcopportal.org/	
https://hefkervelt.org/	
https://tekdost.org/	
https://techbadbatch.com/	
https://beforeitsnews.com.in/	
https://rivatunerdown.com/	
https://loudwire.org/	
https://matlablegend.com/	tech4links@gmail.com
https://techktimes.net/	
https://vosizneias.co.uk/	
https://thedigitaljournal.org/	
https://wabetainfonews.com/	
https://leduoduturf.fr/	
https://fizara.com.in/	contact@outreachmedia.io
https://responsefully.org/	
https://sarkaricenter.co.in/	contact@serpinsight.com
https://hamsafarlyrics.org/	
https://bondinews.com/	
https://shortcaption.net/	
https://funkeelife.org/	
https://nicedp.com/	
https://iwastesomuchtime.org/	SERPInsight@gmail.com
https://onewordcaptions.com/	
https://iptvsmarterpro.org/	
https://iptvplaylist.org/	
https://oneindia.com.in/	
https://sarkariupdate.org/	
https://pdfdrives.org/	support@pdfdrives.org, possible.support@pdfdrives.org, team.business@pdfdrives.org, business@pdfdrives.org, privacy@pdfdrives.org, legal@pdfdrives.org
https://fullform.com.in/	
https://uniquecompliment.com/	
https://sarkaribharat.org/	
https://lista-iptv.org/	
https://catguide101.com/	
https://photosly.org/	
https://www.whatsappgrouplinks.com.in/	
https://myusernamelist.net/	
https://thequotes.com.in/	
https://dpwallpaper.com/	
https://listaiptv360.com/	
https://statuscrush.com/	statuscrush@gmail.com
https://outdoorproject.co.uk/	
https://businessdaily.com.in/	
https://blockthespot.com/	
https://vigembus.com/	
https://technicalmastermind.org/	
https://businessmagazines.com.in/	
https://lemuroid.com/	
https://imissmycafe.org/	emmawatsofficial54@gmail.com
https://theunsentproject.info/	
https://signalrgb.org/	
https://toolsregion.com/	
https://mrchecker.org/	
https://mtkeasysu.com/	
https://smartgaga.org/	hello@smartgaga.org
https://whisparr.org/	
https://lookmovie.com.in/	
https://allmacworld.com.in/	hello@allmacworld.com.in
https://imdisktoolkit.com/	
https://phoneinfoga.net/	
https://fixmyspeaker.com.in/	
https://emersonfrpetools.org/	
https://tuxguitar.org/	
https://mastimorning.net/	
https://technewstop.net/	fast4entry@gmail.com
https://mqttexplorer.com/	
https://photogimp.com	
https://khanaparateer.co.in/	
https://pdfplumber.com	
https://nuevepackages.com/	
https://levicomplo.com/	
https://theuselessweb.org/	
https://aaryaeditz.co.uk/	
https://storyberries.net/	
https://tachiyomisy.com/	
https://thegeissblog.com/	
https://winra1n.org/	
https://quickshortcutmaker.org/	hello@quickshortcutmaker.org
https://tgmmacro.org/	
https://kmsautolite.org/	
https://project64.org/	
https://getgreenshot.net/	
https://geckodriver.org/	
https://kdiff3.com/	
https://biharjobportal.co.in/	fast4entry@gmail.com
https://gerarcpf.org/	
https://sasgujarat.com/	lesley.official47@gmail.com, contact@serpinsight.com
https://thebelfasttelegraph.com/	
https://spotifypremium.com.in/	
https://soundbuttonsworld.net/	
https://myflixer.com.in/	
https://bijoybayanno.org/	
https://ioredis.com/	
